TEAM_ID,TEAM_NAME,GP,W,L,W_PCT,MIN,OPP_FGM,OPP_FGA,OPP_FG_PCT,OPP_FG3M,OPP_FG3A,OPP_FG3_PCT,OPP_FTM,OPP_FTA,OPP_FT_PCT,OPP_OREB,OPP_DREB,OPP_REB,OPP_AST,OPP_TOV,OPP_STL,OPP_BLK,OPP_BLKA,OPP_PF,OPP_PFD,OPP_PTS,PLUS_MINUS,GP_RANK,W_RANK,L_RANK,W_PCT_RANK,MIN_RANK,OPP_FGM_RANK,OPP_FGA_RANK,OPP_FG_PCT_RANK,OPP_FG3M_RANK,OPP_FG3A_RANK,OPP_FG3_PCT_RANK,OPP_FTM_RANK,OPP_FTA_RANK,OPP_FT_PCT_RANK,OPP_OREB_RANK,OPP_DREB_RANK,OPP_REB_RANK,OPP_AST_RANK,OPP_TOV_RANK,OPP_STL_RANK,OPP_BLK_RANK,OPP_BLKA_RANK,OPP_PF_RANK,OPP_PFD_RANK,OPP_PTS_RANK,PLUS_MINUS_RANK,Season
1611661330,Atlanta Dream,36,14,22,0.389,40.3,28.6,66.4,0.432,8.3,23.9,0.348,15.9,20.5,0.777,7.4,26.6,33.9,19.6,14.8,8.0,4.7,3.1,17.9,19.5,81.5,3.0,31,59,34,56,65,2,5,3,8,10,19,39,40,44,3,6,6,4,40,43,40,70,9,40,5,54,2022-23
1610612737,Atlanta Hawks,87,43,44,0.494,47.9,43.0,89.0,0.483,11.7,33.0,0.354,18.7,23.4,0.798,10.6,33.3,43.9,25.4,14.3,7.4,5.1,4.9,19.6,19.0,116.4,0.1,9,20,60,45,34,60,53,58,26,32,34,62,56,68,36,53,43,49,48,27,55,24,36,47,60,41,2022-23
1612709890,Austin Spurs,32,8,24,0.25,48.0,41.8,84.6,0.495,11.4,31.8,0.36,11.5,15.4,0.748,10.6,33.1,43.7,23.0,15.2,8.9,5.1,4.2,18.2,19.8,114.0,7.2,43,70,40,69,31,46,18,69,23,17,46,26,24,16,35,45,40,19,34,66,52,50,13,36,46,66,2022-23
1612709913,Birmingham Squadron,32,11,21,0.344,48.1,43.8,88.8,0.493,12.9,34.5,0.375,9.6,12.6,0.76,12.7,30.7,43.4,24.6,16.2,9.1,5.2,4.1,18.8,17.3,116.1,4.5,43,63,29,59,29,66,52,67,64,48,69,3,2,22,70,20,37,34,16,68,58,54,26,65,58,58,2022-23
1610612738,Boston Celtics,87,60,27,0.69,48.2,41.4,89.4,0.463,11.4,33.1,0.344,16.3,21.3,0.767,9.8,33.8,43.6,22.9,12.7,6.6,3.9,5.3,19.2,19.0,110.6,-6.3,9,2,43,8,9,38,56,20,20,36,16,43,46,34,22,58,38,18,66,6,11,14,31,48,22,6,2022-23
1610612751,Brooklyn Nets,87,48,39,0.552,47.7,40.6,87.8,0.463,11.8,32.0,0.368,18.5,24.1,0.768,11.4,33.3,44.7,23.2,13.8,7.1,3.9,6.0,18.7,21.0,111.5,-0.7,9,9,51,30,55,27,44,19,31,21,64,60,63,35,51,55,54,22,53,13,11,5,24,15,32,37,2022-23
1612709928,Capital City Go-Go,32,19,13,0.594,48.5,41.6,87.4,0.476,11.4,32.4,0.353,10.6,13.8,0.763,10.1,29.8,39.8,24.3,16.3,8.7,5.0,4.8,21.4,19.6,112.4,-2.8,43,43,11,20,1,40,40,49,23,24,30,13,10,25,24,16,14,29,13,64,48,28,66,39,35,22,2022-23
1610612766,Charlotte Hornets,87,29,58,0.333,47.9,42.4,89.4,0.474,12.0,33.8,0.356,18.8,23.7,0.792,10.9,34.8,45.7,25.6,14.3,7.2,5.7,5.3,20.3,20.1,115.5,6.1,9,27,69,63,38,55,55,44,40,40,43,63,61,62,42,67,63,56,47,20,68,14,48,28,55,62,2022-23
1610612741,Chicago Bulls,87,44,43,0.506,48.1,40.3,86.4,0.466,13.1,36.9,0.355,17.1,22.0,0.775,9.7,33.3,42.9,25.6,15.2,6.8,4.8,4.5,19.2,19.1,110.7,-1.3,9,18,57,39,28,24,29,25,66,66,39,47,48,41,19,52,33,54,33,9,44,37,30,43,24,32,2022-23
1611661329,Chicago Sky,36,26,10,0.722,40.4,31.1,71.1,0.438,6.5,19.1,0.34,12.5,15.8,0.789,8.6,24.6,33.2,20.9,13.8,7.8,3.4,4.3,16.5,16.2,81.3,-5.0,31,28,4,2,61,11,12,6,1,1,10,30,27,58,8,3,5,8,52,34,5,44,3,69,4,9,2022-23
1612709931,Ciudad de Mexico Capitanes,32,18,14,0.563,48.3,42.3,86.7,0.488,10.8,30.8,0.351,10.8,14.0,0.768,11.2,32.4,43.6,23.2,16.4,8.1,4.7,5.4,20.2,19.3,113.4,0.5,43,45,13,23,7,53,33,64,14,15,28,14,12,36,47,32,39,20,9,48,39,9,43,42,43,44,2022-23
1610612739,Cleveland Cavaliers,87,54,33,0.621,48.0,38.7,82.9,0.467,11.2,30.6,0.367,17.2,22.0,0.781,9.9,31.4,41.2,22.7,15.6,6.9,4.4,4.7,20.4,18.9,105.7,-5.0,9,6,47,15,31,14,15,26,16,14,63,49,48,51,23,23,18,16,23,10,34,31,49,49,13,8,2022-23
1612709893,Cleveland Charge,32,18,14,0.563,48.2,39.6,85.0,0.466,11.7,34.3,0.342,11.5,15.3,0.749,11.7,33.2,44.9,22.4,17.7,9.5,5.3,4.4,22.5,20.7,110.3,0.5,43,45,13,23,17,18,19,24,28,45,11,25,23,17,59,49,58,15,4,71,61,41,71,19,21,46,2022-23
1612709929,College Park Skyhawks,32,15,17,0.469,48.1,42.4,90.5,0.469,12.0,34.1,0.351,10.8,14.8,0.728,11.4,34.1,45.6,24.2,15.6,7.9,5.7,3.8,23.2,20.0,114.6,-2.5,43,57,25,46,26,57,61,34,38,42,29,16,20,9,53,63,62,28,25,37,67,61,72,29,48,23,2022-23
1611661323,Connecticut Sun,36,25,11,0.694,40.3,28.8,65.6,0.439,7.3,22.3,0.328,12.9,16.0,0.804,6.9,22.1,29.0,19.3,16.4,7.7,3.7,2.7,18.9,17.1,77.8,-8.0,31,30,6,7,65,3,2,7,7,7,2,33,29,70,2,1,1,3,12,32,8,72,27,66,2,3,2022-23
1610612742,Dallas Mavericks,87,38,49,0.437,48.1,41.2,85.5,0.482,11.0,31.3,0.351,19.7,25.3,0.778,10.2,34.5,44.7,24.6,13.3,6.5,3.9,3.8,21.9,21.3,113.1,0.5,9,22,63,49,20,37,24,55,15,16,26,69,68,46,29,65,55,32,60,5,10,63,70,13,39,45,2022-23
1611661321,Dallas Wings,36,18,18,0.5,40.1,30.3,66.1,0.459,7.3,21.2,0.343,14.8,18.9,0.784,7.7,25.0,32.7,19.9,14.4,6.8,4.3,3.7,18.6,18.8,82.8,-0.2,31,45,26,41,69,7,3,15,6,4,13,37,37,53,4,4,3,5,44,7,26,64,20,50,7,40,2022-23
1612709909,Delaware Blue Coats,32,20,12,0.625,48.3,43.4,91.3,0.476,13.3,36.9,0.361,10.8,14.2,0.76,12.5,34.7,47.2,26.8,19.0,8.5,5.3,6.4,19.2,18.6,118.2,-5.5,43,39,8,12,4,63,63,48,67,67,49,16,15,24,66,66,68,67,1,58,62,3,28,53,65,7,2022-23
1610612743,Denver Nuggets,87,55,32,0.632,47.7,41.0,86.4,0.475,11.3,32.8,0.343,17.4,22.5,0.774,10.1,30.6,40.7,25.1,13.6,7.9,4.2,4.6,19.5,18.6,110.8,-2.8,9,4,45,11,49,32,30,46,18,28,15,50,51,40,26,19,16,45,56,40,23,33,34,55,25,21,2022-23
1610612765,Detroit Pistons,87,20,67,0.23,47.8,42.4,87.1,0.487,11.7,32.9,0.355,20.3,26.3,0.772,11.0,33.2,44.2,25.1,13.6,7.8,5.4,3.8,21.1,22.2,116.8,7.7,9,39,72,70,43,56,37,63,27,31,41,72,72,37,43,50,47,46,56,33,64,62,64,2,61,69,2022-23
1612709910,Fort Wayne Mad Ants,32,18,14,0.563,48.2,46.0,95.3,0.483,13.0,36.6,0.356,9.7,13.2,0.739,12.6,35.6,48.1,27.4,17.1,9.2,5.0,4.9,21.6,18.0,121.2,0.2,43,45,13,23,16,70,71,57,65,63,44,4,4,14,67,68,70,69,5,70,49,20,69,62,68,42,2022-23
1612709930,G League Ignite,32,11,21,0.344,48.1,41.2,86.2,0.478,12.3,34.3,0.359,12.8,16.8,0.76,11.3,32.8,44.1,24.7,14.2,8.2,4.3,4.8,21.4,21.9,116.1,7.2,43,63,29,59,27,35,28,51,47,47,45,32,33,23,50,38,45,36,49,51,28,25,67,3,57,67,2022-23
1610612744,Golden State Warriors,90,45,45,0.5,47.6,41.6,89.2,0.467,12.7,35.1,0.361,19.1,24.9,0.767,10.8,32.3,43.1,25.4,14.3,8.0,4.1,4.0,18.6,21.5,115.0,-0.5,1,14,61,41,57,41,54,27,54,52,50,65,66,33,41,30,35,48,46,42,19,55,21,8,52,39,2022-23
1612709917,Grand Rapids Gold,32,9,23,0.281,48.3,40.0,87.8,0.456,12.9,36.8,0.35,10.3,13.3,0.777,10.7,36.2,46.9,24.0,15.4,8.2,5.2,4.0,17.2,18.4,110.6,5.7,43,67,36,64,5,22,45,13,62,64,25,12,5,43,39,69,67,26,27,49,56,56,4,56,23,60,2022-23
1612709922,Greensboro Swarm,32,11,21,0.344,48.2,44.3,90.5,0.489,12.8,35.2,0.364,11.1,14.8,0.75,11.4,33.8,45.2,26.3,15.6,9.1,4.2,4.4,20.3,19.3,119.1,4.7,43,63,29,59,11,67,60,65,60,53,54,19,18,18,52,59,60,62,22,68,22,42,46,41,67,59,2022-23
1610612745,Houston Rockets,87,24,63,0.276,47.7,41.7,87.3,0.478,14.2,38.2,0.372,19.1,24.1,0.793,10.5,31.1,41.6,25.5,13.3,8.6,6.1,4.7,20.5,20.5,116.8,7.6,9,32,70,67,49,43,38,52,69,68,68,66,64,63,33,22,23,53,60,62,72,32,53,21,61,68,2022-23
1611661325,Indiana Fever,36,5,31,0.139,40.3,32.5,68.5,0.474,7.1,21.0,0.339,17.0,21.2,0.8,8.8,27.0,35.8,21.7,15.2,8.6,4.2,3.6,18.0,20.0,89.1,11.1,31,72,44,72,65,12,6,43,4,2,9,45,45,69,11,9,9,13,30,63,25,66,10,32,12,72,2022-23
1610612754,Indiana Pacers,87,37,50,0.425,47.7,42.6,88.3,0.482,12.4,33.4,0.371,20.2,25.4,0.797,11.9,33.0,44.9,26.1,15.2,8.1,5.3,5.7,20.2,21.3,117.8,3.2,9,24,65,51,49,58,48,56,49,38,67,71,69,67,64,44,59,60,32,46,63,6,44,12,64,56,2022-23
1612709911,Iowa Wolves,32,9,23,0.281,47.9,45.7,92.7,0.493,14.8,38.3,0.388,10.8,14.1,0.765,13.1,33.8,46.9,30.2,14.9,8.1,5.1,4.1,20.9,19.1,123.9,7.0,43,67,36,64,37,69,68,68,72,69,71,14,13,27,71,57,66,72,37,47,52,51,63,44,72,64,2022-23
1610612746,LA Clippers,87,46,41,0.529,47.9,41.1,87.4,0.47,11.9,33.0,0.361,17.0,22.3,0.765,10.3,32.8,43.1,24.5,13.2,7.8,4.3,4.5,19.6,19.7,111.1,-0.7,9,13,53,35,39,33,39,38,36,33,48,46,50,29,30,40,34,31,62,36,32,37,38,38,28,38,2022-23
1612709925,Lakeland Magic,32,18,14,0.563,47.8,41.9,85.3,0.491,12.5,34.7,0.362,10.0,14.4,0.693,11.6,29.7,41.3,24.8,16.5,8.4,4.6,4.9,19.4,20.4,113.3,-1.4,43,45,13,23,42,48,23,66,53,49,51,7,17,1,55,15,19,40,8,57,37,21,32,22,41,31,2022-23
1611661319,Las Vegas Aces,36,26,10,0.722,40.1,30.9,70.7,0.437,9.1,25.7,0.356,13.1,16.5,0.796,8.2,28.0,36.2,21.0,13.4,5.6,4.1,3.9,17.8,15.8,84.1,-6.4,31,28,4,2,69,10,11,5,12,12,42,35,32,65,6,12,10,9,59,1,21,59,7,71,9,5,2022-23
1612709921,Long Island Nets,32,23,9,0.719,48.0,37.4,83.0,0.451,11.4,32.6,0.35,12.3,17.2,0.719,10.3,33.9,44.2,21.3,19.0,8.3,4.3,4.8,18.1,23.2,107.3,-8.4,43,33,2,4,33,13,16,11,22,26,23,29,34,5,31,61,48,11,1,56,28,25,12,1,14,2,2022-23
1610612747,Los Angeles Lakers,90,48,42,0.533,47.8,42.7,92.1,0.463,12.3,35.8,0.343,16.0,21.0,0.764,11.1,33.3,44.4,24.9,12.8,7.6,5.0,4.7,21.5,18.1,113.7,-1.1,1,9,54,32,46,59,66,21,46,58,12,40,43,26,44,54,50,42,64,30,47,29,68,60,45,35,2022-23
1611661320,Los Angeles Sparks,36,13,23,0.361,40.1,30.9,66.2,0.467,8.6,22.9,0.377,16.1,20.0,0.808,8.4,26.7,35.2,21.0,16.3,8.3,3.4,3.9,18.5,18.3,86.6,7.1,31,61,36,58,69,9,4,28,10,9,70,42,39,71,7,7,7,10,14,53,4,58,17,58,11,65,2022-23
1612709915,Maine Celtics,32,19,13,0.594,48.3,41.7,88.1,0.473,11.8,35.0,0.339,11.3,15.3,0.736,9.8,30.4,40.2,24.8,13.7,8.8,3.7,4.5,17.3,21.0,113.2,-3.5,43,43,11,20,6,42,47,42,33,51,7,21,22,12,21,18,15,40,55,65,9,39,5,14,40,17,2022-23
1610612763,Memphis Grizzlies,90,55,35,0.611,47.5,39.9,88.7,0.45,12.7,36.3,0.35,18.3,23.4,0.779,11.2,32.9,44.0,25.8,15.2,7.1,5.3,5.7,19.9,20.0,110.8,-3.6,1,4,48,16,60,21,51,10,56,60,21,57,57,50,45,42,44,58,31,15,59,7,41,31,26,15,2022-23
1612709926,Memphis Hustle,32,23,9,0.719,48.1,43.2,91.6,0.472,12.5,36.4,0.343,7.9,11.1,0.715,11.9,33.9,45.8,25.8,16.3,8.2,4.6,4.3,19.8,16.3,111.4,-3.7,43,33,2,4,24,61,65,41,52,61,14,1,1,3,61,61,64,57,15,51,37,43,40,68,29,14,2022-23
1610612748,Miami Heat,90,47,43,0.522,47.6,39.2,81.8,0.479,12.7,35.0,0.363,16.5,21.0,0.784,8.7,32.6,41.4,24.8,15.8,6.9,4.0,3.2,20.4,18.6,107.5,0.7,1,12,57,36,58,15,14,53,56,50,53,44,43,55,10,36,22,39,18,11,15,69,51,54,15,47,2022-23
1610612749,Milwaukee Bucks,87,61,26,0.701,47.9,41.9,92.4,0.454,12.0,34.2,0.351,16.1,20.7,0.775,10.7,33.2,43.9,23.6,12.0,7.1,4.0,4.9,19.5,18.0,111.9,-3.6,9,1,42,6,39,49,67,12,39,44,27,41,41,42,38,48,42,24,72,19,14,22,34,61,34,16,2022-23
1611661324,Minnesota Lynx,36,14,22,0.389,40.3,30.6,69.7,0.439,8.9,25.3,0.35,13.9,17.6,0.79,7.9,24.6,32.4,21.5,12.3,8.3,3.9,2.8,17.9,16.9,83.9,1.5,31,59,34,56,65,8,10,8,11,11,24,36,36,59,5,2,2,12,71,53,13,71,8,67,8,51,2022-23
1610612750,Minnesota Timberwolves,87,44,43,0.506,47.9,41.1,87.6,0.47,12.1,33.1,0.364,19.7,25.7,0.766,11.3,33.1,44.3,24.7,15.5,8.3,4.2,5.3,20.0,21.6,114.0,0.4,9,18,57,39,39,34,43,37,42,34,55,68,71,31,49,47,49,37,26,55,23,13,42,6,47,43,2022-23
1612709932,Motor City Cruise,32,17,15,0.531,48.2,40.6,85.2,0.477,11.8,32.2,0.365,11.3,14.8,0.759,9.3,32.7,41.9,23.2,13.8,7.3,4.0,4.2,20.6,21.4,111.5,-0.8,43,53,22,33,14,28,21,50,29,22,57,21,19,21,13,37,26,20,54,25,15,48,55,9,31,36,2022-23
1610612740,New Orleans Pelicans,87,45,42,0.517,47.9,40.3,86.0,0.469,12.1,35.7,0.338,18.1,23.3,0.778,9.6,31.8,41.3,24.6,14.8,7.3,4.7,4.2,20.5,20.3,110.8,-2.4,9,14,54,37,34,25,26,33,43,57,5,54,55,45,16,25,21,32,39,23,43,47,52,25,27,24,2022-23
1610612752,New York Knicks,87,50,37,0.575,48.2,40.1,87.0,0.461,12.8,36.1,0.355,18.4,23.6,0.779,10.1,31.7,41.8,24.7,13.0,6.2,4.5,4.1,20.7,20.4,111.4,-3.2,9,8,50,22,15,23,34,16,61,59,37,59,60,48,27,24,25,35,63,3,36,53,58,23,30,19,2022-23
1611661313,New York Liberty,36,16,20,0.444,40.4,28.9,69.1,0.418,7.1,21.1,0.336,17.1,20.8,0.822,8.9,26.8,35.7,18.2,12.6,7.8,3.2,4.1,16.1,18.2,82.0,2.4,31,55,28,47,61,4,9,1,3,3,4,48,42,72,12,8,8,1,69,34,3,52,2,59,6,52,2022-23
1612709889,Oklahoma City Blue,32,13,19,0.406,48.2,42.2,90.9,0.464,12.4,35.2,0.353,9.5,12.9,0.736,11.9,32.9,44.8,24.8,15.0,9.6,5.1,4.8,18.7,18.0,112.4,1.3,43,61,27,55,10,52,62,23,51,54,31,2,3,11,62,43,57,38,36,72,54,27,25,62,36,49,2022-23
1610612760,Oklahoma City Thunder,90,45,45,0.5,47.7,40.7,87.0,0.468,12.7,35.7,0.355,19.3,25.3,0.765,11.8,34.3,46.1,25.2,16.7,7.1,5.5,4.3,20.6,20.9,113.5,-1.2,1,14,61,41,53,29,36,31,55,56,40,67,67,28,60,64,65,47,7,18,65,46,56,16,44,34,2022-23
1612709924,Ontario Clippers,32,17,15,0.531,48.3,39.6,85.7,0.462,10.2,30.5,0.335,11.3,16.2,0.699,11.6,32.2,43.8,22.2,15.1,7.3,4.3,5.4,18.6,20.8,107.6,-3.5,43,53,22,33,3,19,25,18,13,13,3,23,30,2,57,29,41,14,35,24,28,8,18,17,16,17,2022-23
1610612753,Orlando Magic,87,36,51,0.414,47.8,40.9,86.0,0.475,12.8,36.5,0.35,18.2,23.1,0.79,9.5,32.5,41.9,25.5,14.8,7.7,5.0,4.5,20.6,20.3,112.7,2.6,9,26,68,54,45,30,27,45,59,62,22,55,54,60,15,34,27,51,38,31,49,35,54,24,37,53,2022-23
1610612755,Philadelphia 76ers,90,58,32,0.644,47.7,39.6,84.4,0.469,11.4,32.9,0.347,18.4,23.6,0.779,9.7,31.1,40.7,23.8,14.7,7.1,4.7,4.9,19.8,20.8,109.0,-3.8,1,3,45,10,48,17,17,36,21,29,17,58,59,49,18,21,17,25,41,15,41,23,39,18,17,13,2022-23
1611661317,Phoenix Mercury,36,15,21,0.417,40.4,30.3,68.7,0.441,8.3,22.8,0.366,15.2,19.4,0.785,9.7,27.5,37.2,20.6,15.3,6.4,3.2,4.5,18.4,19.8,84.1,3.0,31,57,29,53,61,6,8,9,9,8,61,38,38,56,20,10,12,6,28,4,2,36,14,35,10,54,2022-23
1610612756,Phoenix Suns,87,48,39,0.552,47.8,39.3,85.1,0.462,11.2,31.8,0.354,20.0,25.5,0.784,10.2,32.5,42.7,22.8,14.4,7.2,4.0,5.2,20.2,21.3,109.9,-2.2,9,9,51,30,47,16,20,17,17,18,32,70,70,54,28,35,29,17,45,21,15,17,45,10,20,26,2022-23
1610612757,Portland Trail Blazers,87,37,50,0.425,47.7,41.9,86.5,0.484,12.3,33.1,0.37,19.0,24.4,0.781,10.4,32.4,42.8,26.3,13.6,8.0,4.3,4.7,20.7,20.2,115.0,3.3,9,24,65,51,55,47,31,59,45,35,66,64,65,52,32,31,32,64,58,41,32,30,61,26,53,57,2022-23
1612709920,Raptors 905,32,16,16,0.5,48.1,40.9,87.5,0.467,11.6,34.3,0.339,13.1,17.3,0.758,12.0,33.4,45.4,26.1,15.9,7.9,4.7,6.7,18.5,21.6,115.2,-1.2,43,55,24,41,23,31,41,29,25,45,8,34,35,20,65,56,61,59,17,37,42,2,16,7,54,33,2022-23
1612709908,Rio Grande Valley Vipers,32,18,14,0.563,48.1,42.0,86.7,0.485,12.8,35.4,0.36,11.5,15.9,0.722,11.9,32.8,44.8,25.5,18.1,8.5,5.2,5.3,20.6,21.7,115.9,-1.9,43,45,13,23,18,50,32,60,58,55,47,24,28,6,62,41,56,52,3,59,56,10,57,5,56,28,2022-23
1610612758,Sacramento Kings,90,54,36,0.6,47.7,42.3,87.0,0.487,12.0,32.9,0.366,17.9,22.9,0.779,9.6,32.1,41.7,25.5,14.5,7.5,4.0,3.5,20.7,19.9,114.6,-3.2,1,6,49,19,54,54,35,61,41,29,62,52,52,47,17,28,24,50,43,29,18,68,60,33,50,20,2022-23
1612709903,Salt Lake City Stars,32,20,12,0.625,48.1,43.5,93.0,0.468,12.9,36.8,0.349,10.3,14.2,0.725,11.5,29.8,41.3,26.4,12.3,8.6,4.3,4.6,20.7,20.0,116.9,-2.4,43,39,8,12,22,65,69,30,62,65,20,10,15,8,54,17,19,66,70,60,28,34,59,29,63,25,2022-23
1610612759,San Antonio Spurs,87,23,64,0.264,47.9,45.4,90.0,0.504,12.4,31.9,0.389,18.1,23.6,0.767,10.7,33.8,44.5,26.4,13.8,8.2,5.3,4.0,18.6,19.8,121.2,9.7,9,33,71,68,34,68,58,72,50,20,72,53,58,32,37,60,52,65,51,50,60,57,19,37,69,70,2022-23
1612709902,Santa Cruz Warriors,32,18,14,0.563,48.2,43.3,94.4,0.459,13.6,39.1,0.347,11.1,15.5,0.716,13.6,29.1,42.7,26.3,12.6,8.9,4.9,4.3,21.3,21.3,118.2,-1.8,43,45,13,23,13,62,70,14,68,70,18,20,25,4,72,14,30,62,68,67,45,45,65,11,65,29,2022-23
1611661328,Seattle Storm,36,22,14,0.611,40.1,29.8,68.6,0.434,7.0,21.8,0.32,11.8,15.0,0.788,8.6,27.9,36.5,20.7,15.6,7.2,2.9,4.2,16.1,15.6,78.4,-4.1,31,36,13,16,69,5,7,4,2,6,1,28,21,57,8,11,11,7,24,22,1,49,1,72,3,11,2022-23
1612709904,Sioux Falls Skyforce,32,20,12,0.625,48.2,41.6,88.4,0.47,11.8,33.2,0.354,10.3,13.5,0.766,11.6,33.1,44.7,25.1,15.7,7.3,4.1,5.3,20.4,17.8,111.7,-4.0,43,39,8,12,12,39,49,39,29,37,35,10,7,30,56,45,53,44,20,25,20,11,50,64,33,12,2022-23
1612709905,South Bay Lakers,32,21,11,0.656,48.1,41.8,90.2,0.464,12.1,34.2,0.354,11.7,15.5,0.751,11.7,32.4,44.1,24.9,16.4,7.1,6.1,7.3,18.6,21.7,114.6,-7.8,43,38,6,9,30,45,59,22,44,43,33,27,25,19,58,32,45,43,9,17,71,1,22,4,48,4,2022-23
1612709914,Stockton Kings,32,25,7,0.781,48.1,40.6,85.3,0.476,11.3,31.9,0.355,9.9,13.4,0.738,10.1,28.7,38.8,23.4,15.7,8.6,3.6,6.3,18.4,18.7,109.6,-8.7,43,30,1,1,25,26,22,47,19,19,38,5,6,13,24,13,13,23,19,60,6,4,15,51,19,1,2022-23
1612709918,Texas Legends,32,7,25,0.219,48.1,46.1,91.4,0.504,11.8,32.6,0.362,10.9,13.8,0.794,12.6,36.7,49.3,27.2,14.6,7.0,6.0,4.5,18.1,18.7,121.7,10.4,43,71,41,71,19,71,64,71,32,26,52,18,9,64,69,70,71,68,42,12,70,39,11,52,70,71,2022-23
1610612761,Toronto Raptors,87,45,42,0.517,47.8,39.7,81.5,0.487,11.9,32.3,0.369,18.2,23.0,0.792,9.3,32.8,42.0,25.6,16.8,6.1,4.5,5.2,19.5,20.2,109.5,-1.8,9,14,54,37,43,20,13,62,35,23,65,56,53,61,14,39,28,54,6,2,35,18,33,27,18,30,2022-23
1610612762,Utah Jazz,90,40,50,0.444,47.6,42.2,90.0,0.469,12.0,33.8,0.355,18.5,24.0,0.773,11.2,32.1,43.3,24.1,12.8,8.0,5.0,5.2,20.8,20.5,114.9,1.3,1,21,65,47,58,51,57,35,37,39,36,61,62,38,48,27,36,27,64,44,51,16,62,20,51,50,2022-23
1611661322,Washington Mystics,36,22,14,0.611,40.4,28.0,65.1,0.43,7.3,21.4,0.338,12.7,16.4,0.773,6.7,26.4,33.1,18.3,15.3,7.5,3.6,3.7,17.4,15.9,75.9,-4.4,31,36,13,16,61,1,1,2,5,5,6,31,31,39,1,5,4,2,28,28,7,65,6,70,1,10,2022-23
1610612764,Washington Wizards,87,38,49,0.437,47.7,41.7,88.6,0.471,11.9,32.5,0.365,17.5,22.0,0.796,10.8,31.9,42.8,24.4,12.6,7.1,4.9,5.1,19.6,19.1,112.8,0.8,9,22,63,49,49,44,50,40,34,25,56,51,47,66,40,26,31,30,67,14,46,19,36,45,38,48,2022-23
1612709919,Westchester Knicks,32,9,23,0.281,48.1,43.5,87.6,0.496,12.4,33.9,0.365,10.2,14.1,0.725,10.5,36.7,47.3,26.2,16.4,8.1,4.3,3.5,18.7,19.9,116.3,5.9,43,67,36,64,21,64,42,70,48,41,58,8,13,7,34,70,69,61,9,45,27,67,23,34,59,61,2022-23
1612709923,Windy City Bulls,32,18,14,0.563,48.2,41.2,88.1,0.468,14.7,40.1,0.365,9.9,13.6,0.729,11.2,33.3,44.4,27.5,15.7,6.8,5.5,3.8,20.3,18.4,113.4,-2.2,43,45,13,23,8,36,46,32,70,71,60,6,8,10,46,51,51,70,20,8,66,60,46,56,42,27,2022-23
1612709927,Wisconsin Herd,32,11,21,0.344,48.4,46.1,95.7,0.482,14.8,40.4,0.365,10.3,13.9,0.741,12.6,37.0,49.5,29.5,14.0,7.9,5.9,5.3,19.2,19.0,123.7,7.0,43,63,29,59,2,72,72,54,71,72,59,9,11,15,67,72,72,71,50,37,69,11,28,46,71,63,2022-23
1611661330,Atlanta Dream,40,19,21,0.475,40.3,29.7,69.2,0.43,7.2,21.7,0.333,17.3,21.6,0.803,7.8,27.8,35.7,18.9,13.9,7.7,4.4,4.6,19.8,19.3,84.0,1.5,31,44,31,44,65,3,9,4,3,5,6,62,57,68,4,11,10,1,48,30,13,53,54,26,7,47,2023-24
1610612737,Atlanta Hawks,87,39,48,0.448,47.9,43.9,89.1,0.493,13.7,35.9,0.382,17.3,21.9,0.791,10.4,33.2,43.6,27.6,14.0,7.8,5.7,4.6,19.4,18.7,118.9,2.2,13,21,64,49,33,67,44,69,66,50,71,63,62,61,29,48,38,64,46,34,49,55,46,44,70,52,2023-24
1612709890,Austin Spurs,34,20,14,0.588,48.1,39.6,87.2,0.454,13.5,38.1,0.353,11.1,15.2,0.729,10.9,32.4,43.3,24.1,16.9,9.4,6.0,5.3,20.4,20.4,110.5,-3.3,43,39,10,19,13,24,34,20,63,65,32,23,23,5,39,35,35,21,5,67,59,33,62,12,28,17,2023-24
1612709913,Birmingham Squadron,34,15,19,0.441,48.0,44.1,91.3,0.482,14.9,39.9,0.373,10.9,13.8,0.785,13.6,32.1,45.8,28.1,15.3,8.0,5.6,4.5,18.3,18.4,120.4,2.0,43,60,25,50,27,68,59,63,73,71,65,19,9,51,71,30,62,68,22,41,45,57,21,52,71,51,2023-24
1610612738,Boston Celtics,87,66,21,0.759,47.9,41.1,90.9,0.452,12.8,36.3,0.353,13.4,17.3,0.772,11.0,31.9,42.9,24.7,12.1,6.4,3.8,6.6,17.3,16.2,108.3,-10.7,13,1,31,3,35,42,57,17,48,53,30,35,35,37,46,25,30,28,73,4,6,8,4,70,22,2,2023-24
1610612751,Brooklyn Nets,87,35,52,0.402,47.9,40.9,87.8,0.466,12.8,34.9,0.367,17.3,21.5,0.802,10.4,33.9,44.2,25.1,12.9,6.8,5.1,5.2,18.5,18.8,111.9,2.3,13,23,65,57,34,39,36,43,47,37,59,61,54,65,27,57,41,31,67,13,36,37,26,40,39,54,2023-24
1612709928,Capital City Go-Go,34,20,14,0.588,48.1,41.5,87.8,0.473,12.1,33.0,0.366,10.5,13.7,0.764,10.1,32.2,42.4,24.1,17.1,8.2,5.5,6.1,21.5,19.6,112.2,-5.2,43,39,10,19,20,47,37,59,29,22,58,12,8,28,20,32,25,21,4,47,40,17,70,21,43,8,2023-24
1610612766,Charlotte Hornets,89,22,67,0.247,47.5,42.5,86.7,0.49,13.3,35.5,0.374,16.6,21.0,0.788,10.7,34.4,45.1,28.0,13.7,7.2,4.9,4.7,17.8,18.3,114.8,10.0,5,32,71,68,61,54,30,68,62,45,66,52,52,56,34,60,57,67,54,17,29,52,11,55,55,72,2023-24
1610612741,Chicago Bulls,87,42,45,0.483,48.2,40.5,86.0,0.471,14.4,39.0,0.368,16.8,21.8,0.773,10.1,32.9,43.0,27.3,14.1,6.8,5.0,4.9,18.8,19.0,112.1,1.2,13,20,63,43,9,34,24,54,69,70,61,58,60,39,18,41,31,63,43,12,32,42,34,32,42,46,2023-24
1611661329,Chicago Sky,40,18,22,0.45,40.3,31.0,68.7,0.451,6.6,19.6,0.334,14.8,18.4,0.804,8.4,26.5,34.9,20.8,14.4,7.7,3.6,4.5,15.9,17.3,83.4,1.6,31,50,36,48,65,11,6,15,1,1,7,38,38,69,10,7,7,11,36,33,4,56,1,67,6,48,2023-24
1612709931,Ciudad de Mexico Capitanes,34,19,15,0.559,48.1,39.3,84.1,0.468,12.2,32.6,0.375,12.9,17.1,0.753,10.4,29.6,40.0,24.9,15.7,9.5,5.5,5.8,21.9,22.9,111.7,1.0,43,44,15,30,15,20,16,47,33,20,69,31,34,20,28,13,13,29,19,69,41,24,72,2,38,44,2023-24
1610612739,Cleveland Cavaliers,88,54,34,0.614,47.8,39.8,87.0,0.457,12.4,34.0,0.364,16.5,21.0,0.786,10.2,32.2,42.4,24.6,13.4,7.6,5.0,4.9,18.8,17.6,108.5,-3.1,11,5,50,16,42,26,32,25,35,31,55,51,53,53,24,31,27,27,58,29,30,43,35,65,23,19,2023-24
1612709893,Cleveland Charge,34,15,19,0.441,48.2,40.9,87.9,0.466,13.9,38.2,0.362,9.6,12.6,0.763,11.7,35.2,47.0,26.2,15.1,8.4,4.8,5.1,19.2,18.1,111.4,5.5,43,60,25,50,10,38,39,41,67,68,49,3,3,27,59,65,63,50,26,51,26,38,43,58,36,62,2023-24
1612709929,College Park Skyhawks,34,17,17,0.5,48.1,37.0,81.5,0.454,11.6,33.8,0.344,12.1,16.5,0.73,10.2,32.8,43.0,23.6,16.7,8.3,5.6,5.0,20.5,22.7,106.0,-1.9,43,55,21,41,22,13,13,21,22,28,17,28,31,8,23,40,32,15,6,49,45,40,64,3,13,31,2023-24
1611661323,Connecticut Sun,40,27,13,0.675,40.4,28.4,65.4,0.435,6.7,20.9,0.321,15.4,19.6,0.788,8.2,25.7,33.9,19.0,15.8,6.6,4.6,3.8,19.3,18.4,79.0,-3.7,31,27,6,7,64,1,1,5,2,2,1,42,41,55,8,5,4,3,16,7,18,67,45,54,1,14,2023-24
1610612742,Dallas Mavericks,87,54,33,0.621,47.6,42.4,89.6,0.473,13.0,35.7,0.364,16.6,21.6,0.767,10.9,33.7,44.7,27.1,13.9,7.3,4.1,4.9,20.5,18.4,114.3,-2.6,13,5,48,11,51,52,52,58,52,47,54,53,58,30,40,54,49,59,52,20,9,44,65,53,53,25,2023-24
1611661321,Dallas Wings,40,22,18,0.55,40.1,30.3,68.2,0.444,8.2,22.8,0.36,16.2,20.0,0.808,8.0,24.1,32.1,20.0,14.4,5.9,3.7,4.3,18.1,18.9,84.9,-3.0,31,32,23,34,68,8,5,9,10,9,44,50,45,71,5,1,1,8,36,1,5,63,19,37,9,20,2023-24
1612709909,Delaware Blue Coats,34,19,15,0.559,48.2,43.6,91.7,0.476,11.6,34.4,0.337,9.4,12.2,0.769,13.4,35.4,48.7,25.8,17.6,7.9,5.9,5.4,20.3,17.8,113.3,-1.7,43,44,15,30,11,63,62,60,21,34,8,2,1,32,69,66,71,39,3,37,55,32,60,61,46,33,2023-24
1610612743,Denver Nuggets,87,59,28,0.678,47.6,40.2,87.2,0.461,11.2,31.7,0.354,16.8,21.9,0.767,10.9,31.2,42.1,25.4,12.5,7.0,4.8,5.5,18.0,18.0,108.5,-5.1,13,3,42,5,52,32,33,33,16,15,35,57,61,31,38,23,24,34,70,15,23,29,17,59,24,9,2023-24
1610612765,Detroit Pistons,87,18,69,0.207,47.7,42.9,88.3,0.486,11.8,32.5,0.364,19.5,24.5,0.795,9.6,33.2,42.8,26.4,12.6,8.8,5.9,4.7,17.8,20.8,117.2,8.3,13,50,72,70,47,57,42,65,26,19,52,72,71,62,16,49,29,55,69,57,57,50,12,9,63,68,2023-24
1612709930,G League Ignite,34,2,32,0.059,48.1,43.6,86.8,0.502,11.7,32.3,0.362,10.7,14.5,0.74,11.2,33.9,45.0,26.1,15.3,9.1,5.4,5.6,20.2,19.4,116.7,14.8,43,73,47,73,24,62,31,73,24,17,48,15,20,14,48,55,55,44,22,64,39,26,58,25,62,73,2023-24
1610612744,Golden State Warriors,89,47,42,0.528,47.7,41.5,89.2,0.465,13.0,36.5,0.356,18.0,23.0,0.784,10.8,31.6,42.4,26.0,13.1,7.9,5.0,4.4,18.6,20.1,114.0,-2.0,5,17,61,39,46,46,49,38,53,56,38,66,67,50,35,24,26,43,64,39,31,60,29,15,50,28,2023-24
1612709917,Grand Rapids Gold,34,11,23,0.324,48.1,41.7,88.9,0.469,12.7,35.3,0.359,11.0,14.5,0.762,11.5,35.6,47.1,25.6,14.7,8.7,5.7,4.7,17.6,19.0,113.9,7.4,43,69,38,63,21,48,43,50,43,43,41,22,19,25,56,68,64,36,32,55,50,51,9,33,48,66,2023-24
1612709922,Greensboro Swarm,34,15,19,0.441,48.1,40.1,86.2,0.466,11.9,34.7,0.344,9.2,12.5,0.738,11.1,33.9,45.0,25.7,16.1,7.8,5.7,5.3,19.4,17.7,107.1,2.3,43,60,25,50,18,31,28,42,28,36,16,1,2,13,47,55,54,37,10,35,47,33,47,63,17,53,2023-24
1610612745,Houston Rockets,88,46,42,0.523,47.9,40.5,87.7,0.462,12.1,35.2,0.345,19.0,24.8,0.766,10.8,34.0,44.8,24.3,13.9,7.2,5.8,4.6,19.7,20.7,112.2,-1.5,11,19,61,40,38,35,35,34,32,40,21,71,72,29,36,58,51,24,47,18,54,53,52,11,44,36,2023-24
1611661325,Indiana Fever,40,13,27,0.325,40.4,29.9,67.2,0.445,8.6,22.9,0.375,16.7,20.8,0.803,7.6,24.9,32.5,20.0,13.3,6.7,4.2,3.0,17.8,19.7,85.1,4.1,31,66,40,62,62,4,4,10,11,10,70,55,49,67,3,2,2,6,62,8,11,71,10,19,12,57,2023-24
1612709910,Indiana Mad Ants,34,21,13,0.618,48.2,41.2,89.4,0.461,12.5,36.4,0.344,10.1,13.4,0.755,11.2,30.5,41.7,23.9,15.9,8.8,7.1,5.9,20.5,19.1,112.1,-3.6,43,36,6,13,12,44,51,31,40,54,18,6,6,22,49,16,19,17,15,58,72,22,63,29,41,15,2023-24
1610612754,Indiana Pacers,87,49,38,0.563,47.6,44.1,89.2,0.494,10.5,29.1,0.36,20.1,25.8,0.782,11.0,32.3,43.3,24.3,13.9,6.7,5.4,5.9,18.3,21.4,118.8,-2.7,13,16,55,27,52,70,47,71,13,13,43,73,73,48,42,33,34,23,50,9,38,21,22,5,69,23,2023-24
1612709911,Iowa Wolves,34,7,27,0.206,48.1,45.9,92.1,0.498,14.6,39.9,0.365,10.8,14.8,0.733,11.8,36.5,48.3,29.5,15.9,9.0,6.4,3.7,19.5,19.6,124.1,9.1,43,72,40,71,24,73,65,72,72,72,56,17,22,10,61,71,69,73,13,63,66,68,48,22,73,71,2023-24
1610612746,LA Clippers,87,54,33,0.621,47.6,41.0,87.8,0.467,12.8,35.2,0.362,16.1,20.9,0.772,11.0,31.0,42.0,26.2,13.3,7.3,4.8,5.1,18.6,18.7,111.0,-3.4,13,5,48,11,52,40,38,44,46,41,50,48,51,36,42,18,21,49,61,20,23,39,27,46,34,16,2023-24
1611661319,Las Vegas Aces,40,34,6,0.85,40.0,30.3,71.0,0.426,7.7,22.3,0.343,12.1,15.7,0.774,8.0,26.3,34.3,19.5,13.9,6.3,2.9,4.8,17.4,16.0,80.3,-12.6,31,24,1,1,73,7,12,2,7,7,13,30,26,41,6,6,6,4,49,3,1,48,6,72,2,1,2023-24
1612709921,Long Island Nets,34,19,15,0.559,48.1,41.1,89.3,0.46,13.1,35.1,0.372,10.1,13.2,0.762,11.4,33.5,44.9,25.2,15.9,7.4,5.7,6.1,21.5,19.1,111.9,-1.6,43,44,15,30,26,43,50,29,55,39,63,5,4,24,55,51,52,33,14,23,47,17,71,27,40,35,2023-24
1610612747,Los Angeles Lakers,89,50,39,0.562,47.8,43.7,92.6,0.471,14.1,37.7,0.375,14.5,18.3,0.789,11.0,33.0,43.9,27.8,13.4,8.1,4.8,5.6,19.7,15.9,115.9,-0.1,5,13,57,28,44,64,70,55,68,63,68,37,37,57,44,42,40,65,59,44,25,27,53,73,60,41,2023-24
1611661320,Los Angeles Sparks,40,17,23,0.425,40.1,30.0,65.7,0.457,7.4,22.7,0.326,13.1,16.7,0.787,7.2,27.8,35.0,20.0,15.9,7.7,4.9,2.9,18.3,16.9,80.5,1.6,31,55,38,56,68,5,2,24,4,8,4,33,32,54,1,9,8,7,12,32,28,72,23,68,3,48,2023-24
1612709915,Maine Celtics,34,21,13,0.618,48.1,39.2,89.1,0.44,11.6,33.9,0.343,10.9,14.7,0.742,12.3,32.1,44.4,24.0,14.4,8.9,4.7,8.0,17.3,19.1,107.6,-4.5,43,36,6,13,16,17,45,7,23,30,14,21,21,15,65,29,46,19,34,61,22,1,5,28,21,11,2023-24
1610612763,Memphis Grizzlies,90,31,59,0.344,47.5,40.4,85.9,0.471,13.2,35.2,0.373,16.7,21.6,0.775,10.6,34.6,45.2,25.8,15.1,8.1,6.4,6.0,18.8,19.0,110.7,6.6,1,26,67,61,59,33,22,53,59,42,64,56,56,43,31,62,59,40,28,43,64,20,32,30,30,65,2023-24
1612709926,Memphis Hustle,34,15,19,0.441,48.0,43.4,92.0,0.472,14.4,40.3,0.358,10.4,14.1,0.738,11.8,36.0,47.8,27.9,15.0,7.5,6.4,4.8,20.1,18.8,118.3,3.6,43,60,25,50,29,59,64,57,70,73,40,11,15,12,60,69,67,66,30,26,65,46,57,41,66,56,2023-24
1610612748,Miami Heat,89,50,39,0.562,47.5,39.4,84.4,0.467,12.7,35.9,0.353,15.1,19.7,0.77,9.3,33.1,42.4,25.9,14.1,6.8,4.7,3.3,19.0,17.5,106.7,-1.9,5,13,57,28,58,22,17,45,42,49,29,40,43,34,15,44,28,41,42,11,20,69,38,66,16,29,2023-24
1610612749,Milwaukee Bucks,87,51,36,0.586,47.8,42.4,90.5,0.469,12.4,35.0,0.354,17.4,21.7,0.803,10.2,33.1,43.3,26.1,12.3,7.2,4.2,5.0,19.3,19.7,114.7,-2.1,13,10,53,24,39,53,56,49,37,38,34,64,59,66,22,46,36,47,72,19,10,41,44,20,54,27,2023-24
1611661324,Minnesota Lynx,40,19,21,0.475,40.3,31.5,70.5,0.446,8.9,24.9,0.357,13.2,16.3,0.811,8.7,26.5,35.2,20.5,13.4,7.1,4.3,2.6,17.9,16.9,85.0,4.8,31,44,31,44,65,12,10,11,12,12,39,34,27,72,11,8,9,10,60,16,12,73,13,69,11,59,2023-24
1610612750,Minnesota Timberwolves,87,57,30,0.655,47.8,38.8,86.0,0.451,11.4,32.4,0.352,17.2,22.0,0.781,10.3,31.1,41.4,24.5,14.6,7.5,4.6,6.1,20.2,18.9,106.1,-5.7,13,4,45,8,39,16,25,14,17,18,28,60,63,46,25,21,18,26,33,25,17,16,59,35,14,7,2023-24
1612709932,Motor City Cruise,34,16,18,0.471,47.9,40.9,88.2,0.463,11.7,33.8,0.347,10.8,14.4,0.752,10.3,34.9,45.3,23.9,13.9,8.0,5.7,5.5,18.0,18.5,111.3,1.9,43,59,23,47,36,37,41,36,25,28,22,16,17,19,26,63,60,17,51,42,52,30,14,50,35,50,2023-24
1610612740,New Orleans Pelicans,87,52,35,0.598,47.6,40.0,86.7,0.461,13.5,38.5,0.35,16.1,20.7,0.781,10.1,31.9,42.0,26.4,14.4,6.6,5.1,4.7,18.6,18.6,109.6,-4.2,13,8,51,17,52,29,29,32,64,69,26,48,47,47,19,25,23,54,35,6,34,49,28,47,26,12,2023-24
1610612752,New York Knicks,87,52,35,0.598,47.7,39.9,85.0,0.469,12.5,34.1,0.365,15.1,19.8,0.763,10.2,30.4,40.5,25.2,13.4,6.8,5.3,4.2,19.0,17.8,107.3,-4.1,13,8,51,17,49,27,19,51,39,32,57,41,44,26,21,15,15,32,57,13,37,65,37,62,19,13,2023-24
1611661313,New York Liberty,40,32,8,0.8,40.4,30.0,70.9,0.424,7.5,21.9,0.341,13.1,16.5,0.79,8.0,25.0,33.0,19.0,13.0,6.5,3.5,4.5,17.2,16.0,80.6,-8.7,31,25,2,2,62,5,11,1,5,6,11,32,30,59,6,4,3,2,66,5,3,58,3,71,4,4,2023-24
1612709889,Oklahoma City Blue,34,21,13,0.618,48.1,39.2,91.4,0.429,12.3,38.2,0.322,11.1,15.2,0.733,11.3,33.1,44.4,24.0,16.2,9.2,6.0,4.8,20.8,21.1,109.1,-9.5,43,36,6,13,17,18,60,3,34,67,2,24,24,11,51,47,46,19,9,65,60,47,69,6,25,3,2023-24
1610612760,Oklahoma City Thunder,90,61,29,0.678,47.6,39.9,88.1,0.453,13.2,36.8,0.359,17.9,22.9,0.782,11.7,32.6,44.2,26.3,15.7,7.3,5.1,6.4,19.1,18.8,110.9,-6.8,1,2,43,6,56,28,40,19,61,57,42,65,65,49,58,37,42,52,18,22,35,11,42,38,32,6,2023-24
1612709924,Ontario Clippers,34,15,19,0.441,48.1,39.2,85.4,0.46,12.1,33.3,0.363,12.1,15.5,0.778,11.3,33.1,44.4,23.5,15.8,7.8,5.7,6.4,18.2,21.0,110.5,-1.6,43,60,25,50,19,19,20,28,29,23,51,29,25,45,51,45,45,14,17,35,50,10,20,7,28,34,2023-24
1610612753,Orlando Magic,87,47,40,0.54,47.8,39.5,83.7,0.472,11.4,32.1,0.356,17.1,22.1,0.775,9.2,31.1,40.3,23.7,15.1,8.2,4.7,5.2,20.6,19.6,107.5,-1.1,13,17,59,35,41,23,15,56,17,16,37,59,64,42,13,22,14,16,25,46,21,35,68,23,20,38,2023-24
1612709925,Osceola Magic,34,22,12,0.647,48.0,41.7,92.4,0.451,13.1,37.5,0.349,11.9,16.3,0.729,13.7,31.0,44.7,26.1,14.1,9.4,4.7,5.8,16.6,20.9,115.6,-4.5,43,32,4,9,28,49,68,16,55,62,25,27,28,6,72,17,50,44,44,68,19,25,2,8,58,10,2023-24
1610612755,Philadelphia 76ers,90,50,40,0.556,47.5,40.1,85.9,0.467,11.9,33.7,0.354,18.5,23.5,0.789,11.3,33.1,44.3,25.8,14.9,6.3,6.0,6.1,19.0,20.3,110.7,-2.7,1,13,59,33,59,30,23,46,27,26,33,69,68,58,50,43,44,38,31,2,61,14,39,13,31,24,2023-24
1611661317,Phoenix Mercury,40,9,31,0.225,40.1,30.8,68.7,0.448,7.9,21.3,0.37,15.4,19.1,0.807,9.0,24.9,33.9,20.0,12.7,7.7,3.9,4.3,17.4,18.8,84.9,8.3,31,71,46,69,68,9,7,13,8,3,62,42,40,70,12,2,5,8,68,31,7,64,6,39,9,67,2023-24
1610612756,Phoenix Suns,87,51,36,0.586,47.8,41.3,89.2,0.462,12.9,35.5,0.362,16.0,20.9,0.769,10.9,30.2,41.1,25.9,13.2,8.2,4.5,5.8,19.6,18.3,111.4,-2.9,13,10,53,24,43,45,48,35,49,46,47,47,50,33,41,14,17,42,63,48,16,23,50,56,37,21,2023-24
1610612757,Portland Trail Blazers,87,24,63,0.276,48.0,41.9,86.0,0.487,11.4,32.9,0.348,18.7,23.7,0.79,10.6,32.8,43.4,26.6,14.3,8.9,6.5,4.4,18.1,20.2,113.9,8.5,13,30,70,66,29,51,26,66,19,21,24,70,69,60,33,39,37,56,39,62,68,61,18,14,49,69,2023-24
1612709920,Raptors 905,34,13,21,0.382,48.3,42.6,91.6,0.465,13.2,37.2,0.355,10.1,13.6,0.744,12.9,35.2,48.1,27.1,16.0,9.3,6.5,6.1,19.6,19.4,114.3,5.0,43,66,31,59,3,56,61,40,60,61,36,6,7,16,67,64,68,60,11,66,67,15,49,24,52,60,2023-24
1612709908,Rio Grande Valley Vipers,34,20,14,0.588,48.3,38.6,84.8,0.456,11.1,34.2,0.323,13.9,19.0,0.729,11.9,35.4,47.3,25.0,23.4,11.7,6.6,7.4,22.1,23.9,110.9,-2.7,43,39,10,19,4,15,18,22,15,33,3,36,39,7,62,67,65,30,1,73,71,2,73,1,33,22,2023-24
1612709933,Rip City Remix,34,18,16,0.529,48.3,41.1,89.2,0.46,12.6,36.3,0.348,11.7,16.8,0.697,11.6,33.5,45.1,26.1,16.4,9.6,5.6,6.6,19.6,20.7,113.3,-1.9,43,50,18,36,8,41,46,30,41,52,23,26,33,1,57,52,58,48,8,70,43,6,51,10,47,31,2023-24
1610612758,Sacramento Kings,89,51,38,0.573,47.8,40.7,85.4,0.477,12.9,33.5,0.385,18.2,22.9,0.796,9.3,32.7,42.0,26.3,14.2,7.6,4.4,4.3,18.6,20.0,112.6,-1.9,5,10,55,26,44,36,21,61,51,24,72,67,66,63,14,38,22,53,41,28,15,62,30,16,45,30,2023-24
1612709903,Salt Lake City Stars,34,20,14,0.588,48.3,43.4,92.3,0.47,12.4,35.3,0.351,10.1,13.4,0.758,10.6,33.2,43.9,27.2,15.2,8.6,5.5,6.6,19.0,18.8,114.9,-2.5,43,39,10,19,7,58,66,52,38,44,27,6,5,23,32,50,39,61,24,54,42,7,36,42,56,26,2023-24
1610612759,San Antonio Spurs,89,27,62,0.303,47.7,43.7,90.9,0.481,12.4,33.7,0.367,16.0,20.8,0.773,10.4,34.5,45.0,26.9,13.5,8.8,4.8,6.3,18.3,17.7,115.9,5.5,5,27,69,64,48,66,58,62,36,27,60,46,48,38,30,61,53,58,56,60,27,12,25,64,59,61,2023-24
1612709902,Santa Cruz Warriors,34,20,14,0.588,48.4,43.5,93.6,0.465,12.7,36.9,0.345,10.2,14.2,0.722,12.9,32.4,45.3,26.1,15.1,9.6,5.9,6.0,20.6,18.9,116.7,0.6,43,39,10,19,2,60,71,37,45,58,20,9,16,4,68,36,61,44,29,70,58,19,66,36,61,43,2023-24
1611661328,Seattle Storm,40,11,29,0.275,40.1,31.0,69.1,0.448,7.6,21.4,0.353,15.0,18.3,0.822,8.2,27.8,36.0,21.0,13.8,8.5,4.1,4.5,17.6,17.9,84.5,5.6,31,69,43,67,68,10,8,12,6,4,31,39,36,73,8,9,12,12,53,52,8,58,8,60,8,63,2023-24
1612709904,Sioux Falls Skyforce,34,22,12,0.647,48.0,41.8,92.4,0.453,12.7,36.9,0.343,10.8,14.4,0.749,12.2,32.3,44.5,26.2,15.1,9.9,6.5,6.5,19.1,18.2,114.0,-3.2,43,32,4,9,29,50,67,18,43,58,15,17,18,17,64,34,48,51,27,72,69,9,40,57,51,18,2023-24
1612709905,South Bay Lakers,34,18,16,0.529,48.0,42.6,92.6,0.46,13.1,38.1,0.343,10.6,14.1,0.752,13.5,36.6,50.1,27.3,19.1,8.3,5.9,6.9,20.0,19.8,115.5,1.0,43,50,18,36,29,55,69,27,55,65,12,14,14,18,70,73,73,62,2,49,55,4,55,18,57,44,2023-24
1612709914,Stockton Kings,34,24,10,0.706,48.3,39.4,86.1,0.458,10.6,31.4,0.339,10.6,14.0,0.754,11.0,32.1,43.1,24.4,15.5,7.9,4.4,5.5,18.8,19.0,106.4,-7.4,43,30,3,4,6,21,27,26,14,14,9,13,12,21,45,28,33,25,20,40,14,28,33,33,15,5,2023-24
1612709918,Texas Legends,34,18,16,0.529,48.3,44.4,97.4,0.456,12.9,37.7,0.341,10.2,14.0,0.731,14.9,34.4,49.3,26.8,13.6,8.8,5.6,7.3,20.6,18.4,118.3,-1.2,43,50,18,36,5,71,73,23,50,64,10,9,12,9,73,59,72,57,55,58,43,3,67,51,67,37,2023-24
1610612761,Toronto Raptors,87,26,61,0.299,47.9,44.1,90.4,0.487,13.5,36.1,0.374,15.8,20.1,0.786,11.4,33.7,45.0,28.2,14.1,7.5,5.8,4.9,18.7,18.7,117.4,6.5,13,29,68,65,37,69,55,67,65,51,67,45,46,52,54,53,56,69,45,24,53,44,31,43,64,64,2023-24
1610612762,Utah Jazz,90,36,54,0.4,47.6,43.7,90.4,0.483,14.5,37.1,0.391,16.6,21.5,0.771,10.9,31.0,41.9,28.9,12.4,8.6,6.3,5.5,19.1,18.7,118.5,4.4,1,22,66,58,56,65,54,64,71,60,73,54,55,35,37,19,20,72,71,53,63,31,41,45,68,58,2023-24
1611661322,Washington Mystics,40,19,21,0.475,40.1,28.7,65.7,0.436,7.9,23.0,0.345,15.7,19.7,0.796,7.3,28.7,35.9,19.6,15.5,6.7,2.9,3.3,18.0,18.6,80.9,0.4,31,44,31,44,68,2,2,6,9,11,19,44,42,64,2,12,11,5,20,10,2,70,16,49,5,42,2023-24
1610612764,Washington Wizards,87,17,70,0.195,47.7,45.4,91.9,0.494,12.1,33.6,0.36,18.4,23.7,0.773,12.0,36.5,48.6,28.6,14.3,7.9,6.1,5.2,18.3,20.0,121.3,8.8,13,55,73,72,50,72,63,70,31,25,45,68,70,40,63,72,70,71,40,38,62,36,24,17,72,70,2023-24
1612709919,Westchester Knicks,34,12,22,0.353,48.1,43.6,93.7,0.465,13.1,36.5,0.36,10.9,14.0,0.777,11.3,36.2,47.5,28.2,14.4,8.1,6.5,6.1,20.4,18.6,118.1,3.1,43,68,36,60,14,61,72,39,58,55,46,19,10,44,51,70,66,70,38,45,69,13,61,48,65,55,2023-24
1612709923,Windy City Bulls,34,15,19,0.441,48.4,38.5,82.1,0.469,13.0,35.8,0.364,11.5,16.3,0.708,9.9,31.0,40.9,25.6,16.4,7.6,7.6,4.2,20.0,21.6,109.9,-0.2,43,60,25,50,1,14,14,48,54,48,53,25,29,3,17,20,16,35,7,27,73,66,56,4,27,40,2023-24
1612709927,Wisconsin Herd,34,17,17,0.5,48.1,39.7,90.2,0.44,11.5,34.5,0.332,9.9,14.0,0.705,12.3,32.0,44.3,23.1,13.0,8.7,5.0,6.8,18.0,19.0,107.2,-0.9,43,55,21,41,23,25,53,8,20,35,5,4,10,2,65,27,43,13,65,56,32,5,14,31,18,39,2023-24
1611661330,Atlanta Dream,40,15,25,0.375,40.4,28.9,67.4,0.429,8.0,23.1,0.344,14.0,17.6,0.797,7.5,27.2,34.6,20.1,13.5,6.9,4.1,3.7,17.6,16.9,79.8,2.8,31,59,43,58,62,5,5,5,10,8,17,39,37,73,4,11,8,8,61,5,12,71,16,66,6,53,2024-25
1610612737,Atlanta Hawks,87,40,47,0.46,47.8,42.7,89.4,0.478,14.1,37.5,0.376,18.1,22.6,0.799,10.4,33.1,43.4,27.7,16.1,9.3,4.9,5.1,19.2,19.3,117.7,1.3,10,19,65,48,43,66,50,67,67,51,74,71,67,74,18,49,34,69,16,65,35,31,53,22,70,44,2024-25
1612709890,Austin Spurs,34,22,12,0.647,48.1,37.9,87.1,0.435,10.5,32.0,0.327,10.1,14.4,0.698,11.8,33.1,44.9,20.3,16.9,7.1,4.9,6.6,19.6,20.5,103.3,-11.6,43,33,6,9,22,17,29,10,15,16,9,11,23,6,49,51,49,9,6,10,36,4,60,9,16,2,2024-25
1612709913,Birmingham Squadron,34,12,22,0.353,48.2,40.1,86.5,0.464,13.1,36.4,0.362,10.3,14.0,0.733,12.4,33.0,45.4,25.8,15.1,9.2,5.3,5.2,16.1,18.8,110.5,4.1,43,67,39,60,13,33,23,45,42,36,56,16,14,18,61,48,59,50,38,62,52,26,2,38,33,60,2024-25
1610612738,Boston Celtics,87,63,24,0.724,47.9,40.0,88.4,0.452,12.7,36.4,0.349,13.9,17.9,0.777,10.6,32.5,43.1,23.8,12.9,7.0,3.7,5.5,17.6,16.2,106.5,-8.6,10,3,42,5,35,29,41,21,34,37,28,38,38,50,21,40,29,22,71,6,8,17,17,73,20,6,2024-25
1610612751,Brooklyn Nets,87,29,58,0.333,47.8,40.0,83.4,0.48,12.7,35.2,0.361,18.4,23.6,0.78,10.1,33.3,43.4,26.7,15.2,8.2,5.4,4.3,19.1,20.8,111.1,6.8,10,27,71,63,42,30,17,68,31,26,52,72,70,57,16,57,33,60,36,37,54,63,45,7,38,67,2024-25
1612709928,Capital City Go-Go,34,20,14,0.588,48.0,39.8,89.1,0.446,11.3,34.3,0.328,11.4,15.4,0.742,13.8,31.4,45.2,23.1,16.2,9.3,5.9,6.5,19.6,20.3,108.9,-5.4,43,42,14,24,29,27,49,16,18,21,10,30,30,23,75,26,56,19,12,66,67,5,62,11,27,10,2024-25
1610612766,Charlotte Hornets,90,26,64,0.289,47.5,40.3,87.6,0.46,13.6,39.1,0.349,16.5,21.1,0.784,11.3,33.5,44.8,25.8,13.5,8.5,5.2,4.6,18.2,18.7,110.9,7.2,3,31,73,68,56,34,34,37,56,65,29,57,55,60,34,60,47,48,60,48,46,48,28,39,36,68,2024-25
1610612741,Chicago Bulls,87,41,46,0.471,47.7,43.7,93.8,0.466,13.5,39.1,0.345,17.0,21.8,0.778,11.2,34.8,46.0,28.6,13.0,8.1,5.1,4.8,17.1,17.9,117.9,1.9,10,18,63,44,47,73,74,48,55,67,20,62,61,54,32,71,63,74,70,31,43,44,9,56,72,46,2024-25
1611661329,Chicago Sky,40,13,27,0.325,40.0,30.1,67.4,0.446,7.1,21.7,0.326,15.4,19.9,0.773,7.8,26.0,33.8,21.7,13.5,7.9,5.8,3.8,17.0,19.0,82.5,5.1,31,65,46,65,72,8,4,17,6,4,8,44,45,43,5,8,6,14,63,25,65,70,7,32,9,64,2024-25
45,China,3,0,3,0.0,40.0,35.3,75.7,0.467,10.0,33.0,0.303,13.7,19.0,0.719,13.3,27.7,41.0,20.7,9.0,10.0,4.3,1.7,20.3,25.3,94.3,34.7,74,76,3,76,72,15,15,49,14,17,3,37,43,11,70,14,17,10,76,73,15,76,71,1,14,76,2024-25
1612709931,Ciudad de Mexico Capitanes,34,16,18,0.471,48.4,39.7,89.4,0.444,12.7,39.1,0.326,10.4,14.9,0.697,13.6,35.0,48.5,24.5,15.5,7.6,4.7,5.2,19.1,20.0,108.3,2.0,43,56,27,45,4,26,51,14,35,66,6,19,29,5,73,72,75,33,29,20,31,26,46,17,25,48,2024-25
1610612739,Cleveland Cavaliers,87,66,21,0.759,47.7,40.7,89.9,0.453,13.3,37.1,0.357,16.6,21.4,0.779,11.4,31.9,43.3,25.3,14.7,7.9,4.3,4.4,18.8,18.2,111.3,-8.9,10,2,36,3,48,41,59,22,49,48,45,59,57,56,39,32,32,43,47,26,14,60,43,49,40,5,2024-25
1612709893,Cleveland Charge,34,16,18,0.471,48.2,41.2,91.2,0.452,13.9,40.0,0.348,9.6,14.0,0.687,15.1,31.1,46.3,25.0,15.8,10.7,5.1,6.1,19.4,19.2,112.1,2.0,43,56,27,45,11,48,65,20,64,72,27,4,14,3,76,19,67,36,22,76,42,7,58,24,43,49,2024-25
1612709929,College Park Skyhawks,34,17,17,0.5,48.4,40.8,88.4,0.461,14.1,38.1,0.369,10.1,14.6,0.694,11.5,35.7,47.2,25.9,15.3,8.1,4.6,4.4,17.9,19.2,111.9,0.6,43,54,25,37,5,42,42,39,66,56,66,13,26,4,42,73,70,52,34,34,27,59,21,23,41,41,2024-25
1611661323,Connecticut Sun,40,28,12,0.7,40.3,27.2,63.0,0.431,6.5,20.6,0.313,12.9,16.5,0.779,7.0,24.7,31.7,19.1,16.3,7.0,4.6,3.7,18.1,16.1,73.6,-6.5,31,29,6,6,65,2,1,6,2,1,4,34,33,55,1,3,1,3,8,7,25,72,26,74,2,7,2024-25
1610612742,Dallas Mavericks,87,40,47,0.46,47.7,42.5,90.7,0.469,12.7,35.0,0.362,16.4,21.1,0.776,12.0,32.8,44.9,26.8,13.3,8.1,4.7,5.5,18.6,17.8,114.1,1.5,10,19,65,48,52,59,63,54,30,25,57,54,56,47,57,45,48,61,65,31,29,18,38,61,57,45,2024-25
1611661321,Dallas Wings,40,9,31,0.225,40.4,33.5,70.5,0.475,8.6,23.4,0.365,16.6,20.6,0.806,8.8,24.3,33.0,23.1,13.7,8.0,4.6,4.0,17.5,18.5,92.1,7.9,31,70,48,73,62,13,11,63,11,10,62,58,49,76,9,2,4,18,58,28,23,67,15,43,13,70,2024-25
1612709909,Delaware Blue Coats,34,14,20,0.412,48.1,43.4,89.1,0.487,13.5,36.1,0.374,9.0,11.5,0.78,12.0,36.0,48.0,27.2,17.3,7.1,5.7,5.0,20.8,16.7,114.9,4.1,43,62,33,55,25,70,48,75,54,34,72,2,2,58,55,75,72,66,4,10,63,33,74,68,61,60,2024-25
1610612743,Denver Nuggets,87,52,35,0.598,47.9,42.4,92.0,0.461,13.9,38.6,0.361,16.1,20.7,0.777,11.8,30.5,42.3,28.4,13.0,8.5,5.3,4.8,19.1,17.7,114.8,-3.6,10,11,54,21,34,58,71,38,62,61,51,51,51,52,47,17,24,73,69,47,48,39,47,62,60,18,2024-25
1610612765,Detroit Pistons,87,46,41,0.529,47.8,40.1,87.2,0.459,13.3,36.6,0.364,18.6,24.0,0.777,10.5,31.8,42.3,24.4,15.0,8.9,5.1,5.3,18.9,20.4,112.0,-1.8,10,14,60,36,39,31,31,35,51,39,59,73,72,51,19,31,23,32,44,53,39,25,44,10,42,31,2024-25
1610612744,Golden State Warriors,90,55,35,0.611,47.4,39.3,85.9,0.457,12.8,36.1,0.355,16.5,21.4,0.771,10.5,32.8,43.3,25.0,15.6,7.8,5.3,4.8,18.8,19.1,107.9,-4.2,3,4,54,19,57,22,21,31,37,35,43,56,58,38,20,44,31,37,27,24,51,42,42,29,22,16,2024-25
1612709917,Grand Rapids Gold,34,15,19,0.441,48.2,42.5,88.2,0.482,12.9,36.0,0.359,10.1,14.1,0.719,12.0,32.2,44.2,25.1,14.5,8.4,5.1,4.4,17.5,20.1,114.5,2.2,43,59,30,51,12,60,39,73,39,33,47,13,18,10,56,37,40,38,49,42,41,56,14,15,59,51,2024-25
1612709922,Greensboro Swarm,34,20,14,0.588,48.2,38.8,86.7,0.448,11.6,33.2,0.348,9.7,13.4,0.722,11.7,31.4,43.1,21.6,15.7,8.3,5.4,4.6,20.0,18.6,105.1,-3.4,43,42,14,24,14,20,25,18,20,20,24,7,6,13,46,25,30,13,24,41,53,50,68,41,18,20,2024-25
1610612745,Houston Rockets,87,54,33,0.621,47.8,40.1,87.8,0.456,12.2,34.6,0.352,16.4,21.8,0.753,10.7,31.3,42.0,23.2,14.4,8.0,5.8,5.0,19.2,19.1,108.7,-4.3,10,5,50,14,45,32,36,27,22,22,37,54,60,28,23,24,21,20,50,30,64,32,48,27,26,15,2024-25
1611661325,Indiana Fever,40,20,20,0.5,40.1,31.2,70.6,0.441,9.2,25.5,0.361,16.1,20.1,0.803,8.2,25.4,33.6,21.4,12.2,7.7,3.8,4.3,17.2,18.2,87.7,2.7,31,42,33,37,69,11,12,12,12,11,55,52,47,75,7,6,5,12,74,22,9,62,10,51,12,52,2024-25
1612709910,Indiana Mad Ants,34,20,14,0.588,48.1,40.4,88.4,0.457,13.3,36.0,0.37,9.6,12.6,0.766,11.5,31.3,42.8,23.2,15.4,8.3,5.6,4.5,19.6,17.9,110.3,-3.4,43,42,14,24,27,35,43,29,50,32,67,4,3,35,42,22,27,21,32,39,59,52,62,57,31,21,2024-25
1610612754,Indiana Pacers,87,51,36,0.586,48.0,42.1,89.0,0.473,12.7,35.9,0.353,17.3,22.3,0.773,11.1,33.5,44.7,25.6,15.1,7.5,4.6,5.4,19.2,19.0,114.1,-1.7,10,12,56,30,33,55,47,60,29,29,39,66,63,45,29,61,45,44,41,15,28,20,52,35,56,32,2024-25
1612709911,Iowa Wolves,34,7,27,0.206,48.1,45.0,89.8,0.501,14.9,39.8,0.375,10.5,14.1,0.747,12.2,34.1,46.3,29.4,16.0,8.9,6.9,4.8,18.4,19.0,121.9,10.2,43,73,46,74,21,76,55,76,75,71,73,23,17,27,59,66,67,76,18,54,75,41,34,34,76,74,2024-25
1610612746,LA Clippers,87,54,33,0.621,47.8,39.0,85.0,0.459,12.9,36.7,0.351,16.1,21.0,0.771,9.8,31.2,41.0,25.2,15.0,8.7,4.3,4.5,18.0,18.5,107.1,-5.0,10,5,50,14,39,21,19,34,38,41,34,53,53,39,14,20,16,42,42,50,16,55,24,44,21,12,2024-25
1611661319,Las Vegas Aces,40,27,13,0.675,40.1,30.1,69.5,0.433,7.7,22.0,0.35,13.1,17.2,0.761,7.4,28.1,35.5,19.9,13.3,6.5,3.6,5.0,17.2,16.5,80.9,-5.5,31,30,11,7,69,8,10,9,7,6,33,35,35,32,2,15,11,6,66,3,6,37,11,70,7,9,2024-25
1612709921,Long Island Nets,34,17,17,0.5,48.1,42.6,88.9,0.48,10.8,33.2,0.326,10.6,14.4,0.74,12.3,33.9,46.2,25.7,17.0,7.5,6.8,4.0,19.4,19.0,113.5,-1.7,43,54,25,37,19,63,45,69,17,19,7,26,21,22,60,65,66,47,5,16,74,66,57,31,50,33,2024-25
1610612747,Los Angeles Lakers,90,53,37,0.589,47.4,40.5,87.9,0.461,13.2,37.5,0.353,15.9,20.6,0.771,11.2,31.6,42.8,26.5,13.8,8.2,4.4,4.5,19.3,17.7,110.2,-0.6,3,9,57,23,57,38,37,40,48,50,40,48,50,40,33,28,28,59,56,38,19,53,55,63,30,36,2024-25
1611661320,Los Angeles Sparks,40,8,32,0.2,40.1,31.7,68.3,0.464,7.9,21.9,0.36,14.4,18.3,0.786,8.0,26.1,34.0,21.3,13.5,8.8,5.1,3.2,18.0,17.9,85.6,7.2,31,71,49,75,69,12,7,46,9,5,50,42,41,65,6,9,7,11,61,51,40,74,23,58,11,69,2024-25
1612709915,Maine Celtics,34,21,13,0.618,48.7,40.4,89.8,0.45,12.2,35.9,0.341,9.7,13.6,0.714,12.5,32.9,45.5,25.1,16.1,8.9,4.6,5.9,19.2,17.9,109.2,-3.2,43,38,11,17,1,35,55,19,24,30,15,7,8,7,63,47,60,38,13,55,24,10,49,59,28,22,2024-25
1610612763,Memphis Grizzlies,91,54,37,0.593,47.3,40.9,89.4,0.457,13.8,38.3,0.361,18.8,24.5,0.768,11.4,31.3,42.7,26.4,15.6,8.4,5.6,5.5,20.5,21.2,114.4,-5.0,1,5,57,22,61,43,52,30,60,59,54,75,75,36,37,23,26,56,25,44,61,19,73,4,58,13,2024-25
1612709926,Memphis Hustle,34,15,19,0.441,48.3,44.2,92.0,0.48,15.0,41.6,0.359,10.6,14.6,0.725,11.9,33.8,45.6,27.4,16.1,8.8,5.3,4.1,18.4,20.3,120.8,1.9,43,59,30,51,9,75,70,71,76,75,46,25,24,14,51,64,62,67,14,52,49,65,35,11,75,47,2024-25
1610612748,Miami Heat,91,45,46,0.495,47.8,40.5,87.3,0.463,13.2,37.3,0.354,14.1,18.2,0.773,10.8,33.3,44.1,25.8,13.9,7.6,4.7,3.9,17.4,15.9,108.2,-1.3,1,15,63,40,44,37,32,42,45,49,42,40,40,44,24,54,38,49,54,18,30,69,13,75,24,35,2024-25
1610612749,Milwaukee Bucks,87,48,39,0.552,47.7,41.4,90.6,0.457,13.8,39.2,0.353,16.0,20.6,0.778,11.1,34.2,45.3,26.3,12.8,7.5,3.9,4.7,18.7,18.0,112.6,-1.3,10,13,59,33,48,50,61,28,59,68,38,49,48,53,29,67,57,55,72,17,10,46,41,55,48,34,2024-25
1611661324,Minnesota Lynx,40,30,10,0.75,40.4,28.2,68.7,0.41,6.8,22.7,0.301,12.4,15.8,0.788,9.4,25.9,35.3,18.6,15.7,7.5,3.7,4.2,15.7,16.4,75.6,-6.4,31,26,5,4,62,3,9,2,3,7,2,33,31,69,13,7,9,2,23,14,7,64,1,72,3,8,2024-25
1610612750,Minnesota Timberwolves,87,53,34,0.609,47.9,39.8,86.8,0.458,12.5,35.7,0.35,16.1,20.8,0.774,11.0,31.7,42.6,24.4,15.1,8.4,4.5,5.0,19.5,18.6,108.1,-5.2,10,9,53,20,35,28,26,32,25,27,32,50,52,46,27,30,25,31,39,43,22,34,59,42,23,11,2024-25
1612709932,Motor City Cruise,34,19,15,0.559,48.1,39.6,87.0,0.455,12.2,34.8,0.35,11.2,14.4,0.781,11.1,29.8,40.9,22.6,16.0,9.2,5.5,5.6,18.1,20.1,110.6,-2.4,43,49,20,31,18,25,28,25,23,24,30,27,21,59,28,16,15,16,20,62,57,15,25,14,34,28,2024-25
1610612740,New Orleans Pelicans,87,21,66,0.241,47.7,43.0,89.5,0.48,14.3,39.5,0.363,17.2,22.0,0.784,11.7,33.3,45.0,28.1,13.9,9.1,5.2,5.4,18.0,18.5,117.5,9.3,10,38,74,70,48,69,53,70,70,69,58,65,62,62,45,55,51,72,55,56,45,23,22,44,69,72,2024-25
1610612752,New York Knicks,87,54,33,0.621,48.0,41.0,87.0,0.472,13.0,35.8,0.365,15.4,19.6,0.787,10.9,30.7,41.6,24.9,14.6,7.0,4.9,3.9,19.2,17.2,110.6,-3.9,10,5,50,14,29,47,27,58,41,28,60,45,44,68,25,18,18,35,48,9,34,68,51,64,35,17,2024-25
1611661313,New York Liberty,40,32,8,0.8,40.0,29.1,68.3,0.425,7.0,21.5,0.324,11.4,14.8,0.769,7.4,25.3,32.7,19.4,14.0,6.2,3.2,4.5,16.9,15.4,76.5,-9.2,31,24,4,1,72,6,8,3,5,3,5,29,28,37,3,5,3,4,53,2,3,54,4,76,4,4,2024-25
1612709889,Oklahoma City Blue,34,18,16,0.529,48.4,38.7,89.8,0.432,14.4,41.6,0.347,11.2,14.8,0.759,11.4,34.2,45.5,23.8,15.5,9.1,5.6,5.1,19.9,19.5,110.3,-2.9,43,52,23,34,3,19,55,8,71,74,23,27,27,30,36,68,61,23,30,60,62,30,66,20,32,26,2024-25
1610612760,Oklahoma City Thunder,90,71,19,0.789,47.3,37.4,85.8,0.436,13.2,38.8,0.34,18.1,23.4,0.773,11.4,33.1,44.5,24.2,16.8,6.8,4.8,5.5,18.2,19.6,106.1,-11.3,3,1,30,2,60,16,20,11,46,63,14,70,68,41,38,50,43,28,7,4,32,16,28,19,19,3,2024-25
1610612753,Orlando Magic,87,43,44,0.494,47.7,37.9,81.0,0.468,11.4,31.2,0.365,17.9,23.4,0.765,9.1,32.5,41.6,22.7,16.2,7.7,4.3,5.9,20.2,20.0,105.1,0.0,10,16,61,41,51,18,16,52,19,15,61,68,69,34,12,41,19,17,11,23,16,12,70,16,17,39,2024-25
1612709925,Osceola Magic,34,22,12,0.647,48.3,42.6,93.9,0.453,14.4,41.7,0.346,10.1,13.9,0.726,13.5,31.5,45.0,27.1,15.1,9.9,5.1,6.1,20.4,18.4,116.4,-3.0,43,33,6,9,8,61,75,24,71,76,21,11,12,15,72,27,50,65,40,71,38,8,72,46,66,25,2024-25
1610612755,Philadelphia 76ers,90,29,61,0.322,47.6,41.5,86.2,0.481,13.8,37.1,0.373,16.8,21.1,0.795,11.8,33.3,45.1,27.6,16.0,7.4,5.0,4.6,19.2,19.1,113.5,5.3,3,27,72,67,55,51,22,72,58,47,71,61,54,72,48,56,54,68,17,13,37,49,50,26,51,65,2024-25
1611661317,Phoenix Mercury,40,19,21,0.475,40.3,30.9,71.7,0.431,9.4,27.4,0.342,13.6,17.5,0.777,10.2,26.8,37.0,22.0,13.1,7.0,3.3,4.7,17.0,16.9,84.8,3.3,31,49,36,43,65,10,14,7,13,13,16,36,36,49,17,10,14,15,68,8,4,45,5,65,10,59,2024-25
1610612756,Phoenix Suns,87,38,49,0.437,47.9,42.1,88.9,0.474,14.0,37.7,0.372,17.0,21.7,0.784,11.3,32.4,43.8,26.9,12.6,8.5,4.0,4.8,18.3,18.2,115.3,2.9,10,23,68,53,35,56,46,62,65,54,70,63,59,63,35,39,36,62,73,46,11,39,31,50,63,56,2024-25
1610612757,Portland Trail Blazers,87,39,48,0.448,47.8,41.0,87.6,0.467,12.6,34.8,0.361,17.9,22.5,0.795,11.9,32.3,44.2,25.8,15.6,9.6,5.6,5.4,19.4,19.0,112.3,2.9,10,21,67,50,45,46,35,51,26,23,53,68,66,70,54,38,41,51,26,68,60,21,56,35,45,57,2024-25
1612709920,Raptors 905,34,13,21,0.382,48.3,42.0,88.3,0.475,13.2,35.9,0.367,12.0,16.7,0.717,12.9,33.7,46.6,26.9,17.9,9.1,7.1,5.6,22.0,22.1,116.6,2.2,43,65,36,57,10,54,40,64,44,30,65,31,34,9,69,63,69,63,1,61,76,14,76,2,67,50,2024-25
1612709908,Rio Grande Valley Vipers,34,20,14,0.588,48.1,41.2,87.1,0.473,13.4,38.3,0.351,10.4,14.0,0.745,10.9,31.2,42.2,25.1,17.7,9.9,5.5,5.4,19.3,20.2,113.4,-3.5,43,42,14,24,25,48,29,61,53,58,35,21,13,24,26,21,22,38,2,71,55,24,54,13,49,19,2024-25
1612709933,Rip City Remix,34,14,20,0.412,47.9,42.9,92.6,0.464,14.7,39.7,0.37,10.4,14.6,0.715,12.9,34.4,47.3,26.4,16.2,10.5,5.9,5.7,19.9,19.5,117.7,4.2,43,62,33,55,38,68,73,44,74,70,68,21,24,8,68,69,71,58,10,74,69,13,67,20,71,62,2024-25
1610612758,Sacramento Kings,87,42,45,0.483,48.0,40.9,86.6,0.472,14.3,37.7,0.378,17.6,22.3,0.786,9.9,32.0,41.9,26.4,14.2,8.0,4.2,4.4,18.6,19.1,113.6,-0.4,10,17,62,42,29,44,24,57,68,53,75,67,64,67,15,34,20,57,51,27,13,58,37,28,52,37,2024-25
1710612758,Sacramento Kings 1,3,2,1,0.667,40.0,22.0,67.3,0.327,4.3,26.0,0.167,16.7,24.3,0.685,10.7,25.0,35.7,11.0,15.0,4.7,2.7,4.7,17.7,22.0,65.0,-24.3,74,74,1,8,72,1,3,1,1,12,1,60,74,2,22,4,12,1,45,1,2,46,18,3,1,1,2024-25
1810612758,Sacramento Kings 2,3,1,2,0.333,40.0,34.7,71.7,0.484,10.7,27.7,0.386,15.7,24.0,0.653,9.0,23.0,32.0,24.0,13.7,7.3,1.3,2.7,17.0,20.7,95.7,1.0,74,75,2,63,72,14,13,74,16,14,76,46,73,1,11,1,2,27,59,12,1,75,6,8,15,43,2024-25
1612709903,Salt Lake City Stars,34,21,13,0.618,48.1,43.7,91.9,0.476,14.4,38.9,0.371,9.5,12.9,0.737,12.5,32.0,44.5,27.7,15.0,8.1,5.9,4.4,20.8,18.1,117.4,-2.4,43,38,11,17,24,72,68,65,71,64,69,3,4,21,62,35,44,70,43,34,68,61,75,52,68,27,2024-25
1610612759,San Antonio Spurs,90,39,51,0.433,47.4,42.7,90.6,0.471,13.9,38.5,0.36,14.6,18.6,0.785,11.9,33.5,45.4,27.0,13.8,8.1,4.5,5.4,17.7,16.8,113.8,2.8,3,21,69,54,57,65,62,56,61,60,48,43,42,64,52,62,58,64,56,33,21,22,19,67,54,55,2024-25
1612709924,San Diego Clippers,34,12,22,0.353,48.0,39.4,84.0,0.468,12.6,37.0,0.34,12.1,16.1,0.755,11.8,33.3,45.1,24.3,17.7,8.0,5.5,5.0,18.3,21.1,111.2,2.8,43,67,39,60,28,24,18,53,28,45,13,32,32,29,49,53,52,29,2,28,57,35,33,6,39,54,2024-25
1612709902,Santa Cruz Warriors,34,20,14,0.588,48.0,42.6,92.4,0.461,13.4,38.2,0.35,10.3,14.0,0.737,12.6,32.6,45.1,24.3,15.3,9.2,5.5,4.9,18.7,18.4,115.4,-3.2,43,42,14,24,29,63,72,41,52,57,31,18,14,20,64,42,55,30,34,62,55,38,40,46,65,22,2024-25
1611661328,Seattle Storm,40,25,15,0.625,40.3,28.8,67.7,0.426,6.9,21.0,0.329,14.2,18.2,0.784,8.9,27.2,36.0,19.5,16.3,7.6,4.6,5.2,16.4,16.5,78.8,-4.5,31,32,20,13,65,4,6,4,4,2,11,41,39,61,10,11,13,5,8,19,25,29,3,71,5,14,2024-25
1612709904,Sioux Falls Skyforce,34,18,16,0.529,48.2,40.6,89.6,0.453,13.7,37.6,0.365,10.4,13.6,0.762,12.7,33.5,46.2,25.1,15.9,9.1,6.0,5.9,18.7,17.9,112.4,-0.2,43,52,23,34,16,39,54,23,57,52,63,19,8,33,66,59,65,41,21,57,70,11,39,59,47,38,2024-25
1612709905,South Bay Lakers,34,16,18,0.471,48.1,41.6,88.6,0.47,12.7,36.9,0.345,9.6,13.1,0.737,11.2,32.9,44.1,25.7,15.5,9.7,4.9,4.8,19.7,19.1,112.2,0.8,43,56,27,45,23,53,44,55,32,43,18,6,5,19,31,46,37,46,30,69,33,43,64,25,44,42,2024-25
1612709914,Stockton Kings,34,22,12,0.647,48.2,41.6,90.7,0.458,12.7,36.7,0.346,9.8,13.4,0.731,12.1,32.0,44.1,24.8,13.2,8.4,4.4,6.4,18.5,18.1,112.4,-3.2,43,33,6,9,15,52,64,33,32,42,22,9,6,17,58,33,39,34,67,45,18,6,36,52,46,22,2024-25
1612709918,Texas Legends,34,8,26,0.235,48.2,42.2,91.9,0.459,13.1,36.9,0.356,10.0,13.6,0.731,13.7,34.4,48.1,26.0,15.4,10.5,5.2,8.0,17.0,18.1,113.9,10.2,43,71,44,72,17,57,68,36,42,44,44,10,10,16,74,69,73,53,33,75,47,1,8,54,55,73,2024-25
1610612761,Toronto Raptors,87,32,55,0.368,47.8,40.7,87.5,0.465,13.0,37.1,0.351,19.3,24.8,0.776,11.4,33.2,44.7,25.6,15.1,9.1,5.8,4.4,18.1,21.2,113.7,4.4,10,24,70,59,39,40,33,47,40,46,36,76,76,48,39,52,46,45,37,58,66,57,27,5,53,63,2024-25
1610612762,Utah Jazz,90,22,68,0.244,47.6,43.5,91.5,0.476,14.3,40.4,0.354,17.1,22.5,0.76,11.5,32.2,43.7,28.7,12.1,9.7,6.3,4.6,19.6,19.1,118.4,8.7,3,33,76,69,54,71,66,66,69,73,41,64,65,31,44,36,35,75,75,70,72,51,61,29,73,71,2024-25
1612709934,Valley Suns,34,20,14,0.588,48.3,42.6,90.1,0.472,12.6,36.4,0.345,10.3,14.2,0.721,11.5,37.4,48.9,23.8,16.0,7.6,5.3,5.0,20.1,18.6,115.1,-1.9,43,42,14,24,7,61,60,59,27,38,19,16,20,12,41,76,76,23,18,20,49,35,69,40,62,30,2024-25
1611661322,Washington Mystics,40,14,26,0.35,40.3,29.3,66.1,0.443,7.8,23.3,0.333,15.9,20.0,0.795,8.2,27.2,35.4,20.1,16.1,8.3,3.4,3.4,18.2,18.4,82.3,3.0,31,62,44,62,65,7,2,13,8,9,12,47,46,71,7,13,10,7,15,40,5,73,30,48,8,58,2024-25
1610612764,Washington Wizards,87,21,66,0.241,47.7,42.9,91.8,0.467,13.9,38.7,0.36,18.7,23.7,0.786,12.8,35.8,48.5,27.8,13.4,9.1,5.2,5.2,18.3,19.8,118.4,11.7,10,38,74,70,52,67,67,50,63,62,49,74,71,66,67,74,74,71,64,59,44,28,32,18,74,75,2024-25
1612709919,Westchester Knicks,34,22,12,0.647,48.5,43.9,94.8,0.463,13.2,38.0,0.348,8.6,11.1,0.773,11.9,32.6,44.5,26.3,14.7,8.7,6.3,6.1,19.7,16.6,115.4,-2.1,43,33,6,9,2,74,76,43,47,55,25,1,1,42,53,42,42,54,46,49,71,9,64,69,64,29,2024-25
1612709923,Windy City Bulls,34,11,23,0.324,48.3,40.9,89.9,0.455,12.1,33.1,0.366,10.2,13.6,0.746,13.4,31.6,45.1,23.8,15.6,9.6,6.4,7.9,17.3,18.9,111.0,6.0,43,69,41,66,6,45,58,26,21,18,64,15,10,25,71,29,52,23,28,67,73,2,12,37,37,66,2024-25
1612709927,Wisconsin Herd,34,19,15,0.559,48.1,39.3,88.1,0.446,12.7,36.6,0.348,10.5,14.1,0.746,12.7,33.4,46.1,23.8,14.1,8.1,4.5,7.1,17.8,19.0,109.4,0.2,43,49,20,31,20,23,38,15,35,40,26,23,18,26,65,58,64,26,52,34,20,3,20,33,29,40,2024-25
